coating,1003
coatings,522
electrode,487
catalyst,354
electrodes,335
catalysts,311
sensor,112
phosphors,112
implant,107
phosphor,98
anode,93
electrolyte,92
cathode,91
crucible,90
cell,81
window,64
cements,60
implants,59
cement,55
eyes,53
solar cell,49
joints,47
solar cells,47
electrolytes,46
TFTs,43
adsorbent,42
photocatalyst,41
PSCs,41
glaze,40
sensors,40
joint,37
cells,35
laser,35
magnet,35
detector,34
panel,33
crystallizer,33
working electrode,32
magnets,32
SCC,31
TFT,31
ASD,31
photoanodes,30
photocatalysts,29
pigments,27
phosphate removal,27
SLS,26
absorber,26
laser glass,26
contact,25
